1,1,https://bizweb.dktcdn.net/thumb/1024x1024/100/331/067/products/398415182-197314960077985-2240029471754437442-n.jpg?v=1701671137510
2,1,https://styleshops.com.ph/cdn/shop/files/unica-x-wwf-dresses-wistoria-dress-42503827357927.jpg?v=1719768012
3,1,https://styleshops.com.ph/cdn/shop/files/unica-x-wwf-dresses-wistoria-dress-42503827357927.jpg?v=1719768012
4,2,https://bizweb.dktcdn.net/100/345/548/products/vest-1cv20031-quan-1bt20039-gile-1bt20047-1.jpg?v=1596447259587
5,2,https://bizweb.dktcdn.net/100/345/548/products/vest-1cv20031-quan-1bt20039-gile-1bt20047-1.jpg?v=1596447259587
6,3,https://bizweb.dktcdn.net/thumb/1024x1024/100/331/067/products/398415182-197314960077985-2240029471754437442-n.jpg?v=1701671137510
7,3,https://bizweb.dktcdn.net/thumb/1024x1024/100/331/067/products/398415182-197314960077985-2240029471754437442-n.jpg?v=1701671137510
8,4,https://encrypted-tbn0.gstatic.com/images?q=tbn:ANd9GcR05kNv2SwIcHRy4UPNtNtTC6w-2h0XELykQg&s
9,5,https://bizweb.dktcdn.net/thumb/1024x1024/100/331/067/products/398415182-197314960077985-2240029471754437442-n.jpg?v=1701671137510
10,5,https://bizweb.dktcdn.net/thumb/1024x1024/100/331/067/products/398415182-197314960077985-2240029471754437442-n.jpg?v=1701671137510
